INSERT INTO USER (ID, USERNAME, PASSWORD, FIRSTNAME, LASTNAME, EMAIL, ENABLED, LASTPASSWORDRESETDATE) VALUES (1, 'admin', '$2a$08$lDnHPz7eUkSi6ao14Twuau08mzhWrL4kyZGGU5xfiGALO/Vxd5DOi', 'admin', 'admin', 'admin@admin.com', 1, PARSEDATETIME('01-01-2016', 'dd-MM-yyyy'));
INSERT INTO USER (ID, USERNAME, PASSWORD, FIRSTNAME, LASTNAME, EMAIL, ENABLED, LASTPASSWORDRESETDATE) VALUES (2, 'user', '$2a$08$UkVvwpULis18S19S5pZFn.YHPZt3oaqHZnDwqbCW9pft6uFtkXKDC', 'user', 'user', 'user@user.com', 1, PARSEDATETIME('01-01-2016','dd-MM-yyyy'));
INSERT INTO USER (ID, USERNAME, PASSWORD, FIRSTNAME, LASTNAME, EMAIL, ENABLED, LASTPASSWORDRESETDATE) VALUES (3, 'frontoffice', '$2a$08$xRURCnd4SZF2FoKqsrNiTOu2Reicz/d2QL9CJrXuXa30.K1Q99vty', 'frontoffice', 'a', 'frontoffice@frontoffice.com', 1, PARSEDATETIME('01-01-2016','dd-MM-yyyy'));
INSERT INTO USER (ID, USERNAME, PASSWORD, FIRSTNAME, LASTNAME, EMAIL, ENABLED, LASTPASSWORDRESETDATE) VALUES (4, 'backoffice', '$2a$08$WDjlOugAdVpZPLiKOcBVvOToF7Ek6h2LvpSCOaAbUEyqrfJqGyUXq', 'backoffice', 'backoffice', 'backoffice@backoffice.com', 1, PARSEDATETIME('01-01-2016','dd-MM-yyyy'));


INSERT INTO AUTHORITY (ID, NAME) VALUES (1, 'ROLE_ADMIN');
INSERT INTO AUTHORITY (ID, NAME) VALUES (2, 'ROLE_USER');
INSERT INTO AUTHORITY (ID, NAME) VALUES (3, 'ROLE_FRONTOFFICE');
INSERT INTO AUTHORITY (ID, NAME) VALUES (4, 'ROLE_BACKOFFICE');


INSERT INTO USER_AUTHORITY (USER_ID, AUTHORITY_ID) VALUES (1, 1);
INSERT INTO USER_AUTHORITY (USER_ID, AUTHORITY_ID) VALUES (1, 2);
INSERT INTO USER_AUTHORITY (USER_ID, AUTHORITY_ID) VALUES (1, 3);
INSERT INTO USER_AUTHORITY (USER_ID, AUTHORITY_ID) VALUES (1, 4);
INSERT INTO USER_AUTHORITY (USER_ID, AUTHORITY_ID) VALUES (2, 2);
INSERT INTO USER_AUTHORITY (USER_ID, AUTHORITY_ID) VALUES (3, 3);
INSERT INTO USER_AUTHORITY (USER_ID, AUTHORITY_ID) VALUES (3, 2);
INSERT INTO USER_AUTHORITY (USER_ID, AUTHORITY_ID) VALUES (4, 4);
INSERT INTO USER_AUTHORITY (USER_ID, AUTHORITY_ID) VALUES (4, 3);
INSERT INTO USER_AUTHORITY (USER_ID, AUTHORITY_ID) VALUES (4, 2);
